shopper_id,seniority,found_rate,picking_speed,accepted_rate,rating
087ab65ceca40dbef697f585dc159d5d,ADVANCED,0.861,1.64,1,4.48
645973c41314d763b58dc2bceeeeffc9,INTERMEDIATE,0.8337,2.83,0.96,4.79
82810715fdda44962e7e422015ea1f32,ADVANCED,0.8681,1.27,0.88,4.84
416aa7dbd5a2f58d7bca96657e8faa1e,INTERMEDIATE,0.8784,2.11,1,
27a3e845a4c3eb7ded4748f84140a843,ADVANCED,0.8466,1.5,1,4.84
aab0d488cbb3527d1606fb975224c789,REVIEW,0.8601,2.57,0.72,4.68
64f324ab7d9ee330f4dbf0ea55eb74bc,ADVANCED,0.8618,1.45,0.92,4.76
0f2cd3c4ab33ae3e9ee38b7608fe3493,ADVANCED,0.8324,2,0.96,4.88
14457ee42abf65c3772e778d91f9d66d,ADVANCED,0.8577,1.58,1,4.56
728be73b7d38bb51d68c9b4580a92872,ADVANCED,0.8492,1.6,0.88,4.8
3932fb19ca90aa0cca6946011732f170,ADVANCED,0.848,1.39,0.92,4.84
a2549af97e3b1fe892513b2c3e424152,ADVANCED,0.8845,1.68,1,4.8
55042a045b2c748cbf406c161df29b08,ADVANCED,0.8473,1.81,1,4.76
5d7d810fe783e560b28694857954ba17,ADVANCED,0.8427,1.44,1,4.88
1d4f59e3e5934946d4e545101b2a1f55,ADVANCED,0.8746,1.5,1,4.8
db64c5b1e1a86d9da1c35c8cd8588e15,ADVANCED,0.8864,1.64,0.96,4.56
8a7dc2f6cfa12b8f6514043aaf5e5bc7,ADVANCED,0.8762,1.32,1,4.92
3cd818bedd90395346bce737dec49e3f,ADVANCED,0.8822,1.3,1,4.52
ea3f0787729e7ec72b39851d284e7085,REVIEW,0.7818,1.91,0.8,4.8
c06e0456ed8f65afde8ebe6abfd911ae,REVIEW,0.8275,1.73,0.84,4.96
49dfd85cdb6407e1dfea7738f42f6ce1,ADVANCED,0.8442,1.87,0.92,4.76
b7c9fad12f1cfb644829a848202ff3ce,REVIEW,0.8565,1.75,0.72,4.92
8ff844d4acda6df3ba4a87ddc3eaf771,REVIEW,0.8814,0.95,0.64,4.52
3c1da76cabb675a0eaa1800d66b17c05,ADVANCED,0.8455,1.56,0.92,4.92
47b592682780b0c3dc3d04bdd6094cd8,REVIEW,,2.37,0.8571,
bb7e09d6d8fe8f27c9ef5107bc3f45c4,INTERMEDIATE,0.8889,1.5,1,4.72
b2c35ed4b92bb742fa6c4303fcd2b235,INTERMEDIATE,0.8498,1.5,0.96,4.96
17b61fa5475eb9a6774dce92010b1f14,ADVANCED,0.8741,1.58,0.96,4.84
355724dd398b63fd515a5de025aa85db,ADVANCED,0.8721,1.14,0.92,4.68
a22b7b49cf1d834d5113badaa7a5bfab,ADVANCED,0.8571,1.48,0.92,4.68
183182837a0e470d8762727dac613e47,INTERMEDIATE,0.855,1.39,1,4.68
b5c65259f6fad214485903212039b943,ADVANCED,0.846,1.7,0.96,4.88
20d98edec2f4696c908ab895fec42ff4,ADVANCED,0.8486,1.5,0.96,4.96
421ddcde5abd1b8e8d8e21676bdb4c2e,ADVANCED,0.8395,1.22,0.96,4.84
de7a54f01a06777a032d3288f38ecedd,ADVANCED,0.8231,1.89,0.92,4.96
24db3121fd104a31900dede96c8f1105,ADVANCED,0.8168,1.85,0.92,4.72
9fcffbec941455b044c7de3b3efc591b,ADVANCED,0.8827,1.47,1,4.68
20d15e101b364615c78cbe8663be656a,ADVANCED,0.8743,1.28,0.96,4.88
b9fc36f8fdc38ae63113c739618a1fd4,INTERMEDIATE,0.8295,2.35,0.88,4.8
e5a5f7f753b702c552bfd76e80db6862,INTERMEDIATE,0.8149,2.04,1,4.71
6edaa761e30cdefc528cebcfe00edb3a,REVIEW,0.8526,2.4,0.8,4.44
84afd2b22cf087f96473af8588af96a8,ADVANCED,0.8656,1.6,1,4.56
fa4c67e276ddf282693671f6dd5331bb,INTERMEDIATE,0.8036,1.67,0.92,4.96
0f6b9b2fb81fec4364153a12c5c781dd,ADVANCED,0.8893,1.37,0.96,4.72
a4a6029552272c5e63eb6b5e16b60601,ADVANCED,0.8268,1.35,0.88,4.92
2bfd559c4bef0e59fee43bf322e3ea5e,ADVANCED,0.8586,1.55,0.92,4.96
682d7c7528d3d2b1b7852522197bbd8b,INTERMEDIATE,0.8406,2.07,0.88,5
5470b697aa0829b0c9c91dbd34b881de,ADVANCED,0.8544,1.44,0.96,4.76
93d6803af92edcde3122996e5ed6e911,ADVANCED,0.8397,1.44,1,4.72
60cbe02ce6b97a961dc6a07e3ce596e0,ADVANCED,0.8933,1.28,1,4.72
4a9f1480ea2e1840d27ca1a5024d5a79,ADVANCED,0.8147,1.67,0.92,4.28
37456bbe8d51e126375e316c46b0c903,ADVANCED,0.8395,1.21,0.96,4.64
1e0995bde4e614e91848349587e62357,ADVANCED,0.8885,1.83,0.92,4.92
6e4275b2a51e4aee5b28d72d5ec06ec3,ADVANCED,0.8636,0.84,1,4.84
c07ca7a7b97aa9f3b78df3492d42b31b,ADVANCED,0.8393,1.24,1,4.84
b0d7d5cdd7314263a8117e2f131c2007,ADVANCED,0.8825,1.75,0.88,4.84
b981a0032fbe40e78b0a371ee75b1481,ADVANCED,0.8295,1.57,1,4.64
9aca97a1945fd3028945b6e0c04966bf,REVIEW,0.9032,2.24,0.76,4.67
6a690888191b4b2e95795ee26f4d5037,ADVANCED,0.8537,1.13,0.96,4.88
b3fd9daa731ea137171fdba7a1f3ff30,INTERMEDIATE,0.8827,2.36,0.88,4.8
ead63162d60c7e204b4dc003fd5a4f31,ADVANCED,0.927,1.2,0.92,4.64
a133d458ab3c9d30142d7135b90a04ab,INTERMEDIATE,0.8392,2.21,1,4.72
20674b497811b7b8c053e1266cee202c,INTERMEDIATE,0.8663,2.63,0.96,4.88
b2c084fea1daf82d642b8d2281b332ab,ADVANCED,0.8812,1.39,1,4.84
3ad9bdd36bfaa037cb17edf09f6e52c5,ADVANCED,0.8988,1.29,1,4.6
7b9dedf7a4dbbfb31812bc39b2e7de62,ADVANCED,0.8666,1.62,0.96,4.72
d40ade818e5aaeb699f6ef3dd00912e9,ADVANCED,0.8913,1.81,0.96,4.96
f3010c097d4ce083079bedef7296e3ec,REVIEW,0.8702,1.47,0.84,4.8
e67d14db7f81c2aaaa131774d7366fe2,ADVANCED,0.7969,1.67,1,5
d303847db12bbad315621f3995010908,ADVANCED,0.8762,1.45,1,5
55096d5f36521f0eda9f52f92ff3e36d,ADVANCED,0.8065,1.54,1,4.84
19ee1b7e78fd59d3243a7a469b55ecf7,ADVANCED,0.901,1.19,1,4.72
1a537d4990969400123e112405a32829,REVIEW,0.8524,1.33,0.84,4.96
3f7a84bfef84d605152890fb7e16d7e7,ADVANCED,0.8272,1.29,1,4.76
272e67e9c5a83ad0b52729f7e84c61f6,ADVANCED,0.9106,1.33,0.92,4.96
c11a9ee46ee2c3234d196a2c06d65198,ADVANCED,0.8544,1.3,0.96,4.72
4257d99a3df1939f2856edfb43cb0541,REVIEW,0.8444,1.43,0.84,4.96
ccce47d84e0da1b6698314637b864eb9,INTERMEDIATE,0.8222,2.25,1,4.92
58debf4ad089ead934fc5b575fbb84b5,ADVANCED,0.8638,1.88,1,4.52
64579e8134dd59a613f44f44f669870d,ADVANCED,0.9082,1.78,0.92,4.2
76b8a99f9b80ea15edcbbaf121c6f6fb,ADVANCED,0.8836,1.73,1,4.68
6e4b18eea9b85b03b89f7c5bd99b090d,REVIEW,,2.37,0.9474,
b285276b2b5181f4b008670e00f17af1,ADVANCED,0.8573,1.3,1,5
49ab42c809767f4a11cdad2e5b8e89c4,ADVANCED,0.8199,1.96,0.96,4.92
e77ca6f3ed19586bcc3840677caea4a5,ADVANCED,0.8504,1.19,1,4.72
f823d591764dfe69b992f71bd60be80a,ADVANCED,0.8567,1.71,0.92,4.6
d3a4d24b7d93efe7da8188bd560a577a,ADVANCED,0.8689,1.38,0.92,4.68
f0a9cf4219e29abd0afba33e3f081224,ADVANCED,0.8645,1.18,0.96,4.6
72facd1f45a13ab1e164b8cf3a44fae9,ADVANCED,0.8677,1.68,1,4.72
6e39d463e0f0b522e42c55ecabdf41b2,ADVANCED,0.8776,1.43,1,4.6
1cb015622d8817c7143706e4bf5c3f5a,ADVANCED,0.8547,1.71,0.96,4.8
4bc32deb53f7b46aeba020f301faeb87,ADVANCED,0.9028,1.63,1,4.8
284e0910e7d54aaa6996f35f28516855,ADVANCED,0.826,1.55,1,4.72
1666493ce11d05c845591e1f5322175d,ADVANCED,0.8726,1.57,1,4.88
ca05815df7f1b809a7d8a52be56d7c0a,ADVANCED,0.8716,1.32,0.88,4.73
a5aa6a986edd3104eb96cd838663a1c5,ADVANCED,0.91,1.47,0.96,4.84
ec5ea229db5a0e415e48996ace73f968,ADVANCED,0.9033,1.25,1,4.8
3a7dcdbb86cc3787a2d2fb3ef1e03330,INTERMEDIATE,0.8397,2.1,0.96,4.67
c5ddc6da3c1163f0ef057c67900a83df,ADVANCED,0.845,1.96,1,4.95
3230808ce0297a52d6311684712d2355,ADVANCED,0.848,1.75,0.96,4.72
1a1d44877c5e0639573bbee4840e9a4b,INTERMEDIATE,0.8703,2.16,1,4.92
d5c0e44f3053084e68bf351e94d816ba,REVIEW,0.8129,3.09,0.96,4.94
eac293e03693dacb750a63a4a47f266b,ADVANCED,0.872,1.75,0.96,4.68
88c3b956701d273f3c8456867fd65027,ADVANCED,0.9193,1.85,1,4.79
427dea3da2a13da4e9870a2e141b5d75,INTERMEDIATE,0.8624,1.7,0.96,4.84
70f6c2f42b4c60f100675a65777ee051,ADVANCED,0.8702,1.95,1,4.64
4de06f08a12f74744f7777fe438ef3ff,INTERMEDIATE,0.8444,2.13,0.92,4.92
aac711a908d1f9beb6c067f60fbde5d5,BEGINNER,,2.37,1,
6a13239be7621a0bf195064e60ef751d,ADVANCED,0.847,1.56,1,4.48
04ed12b8648d0935cbf8b911e95ffbfc,ADVANCED,0.8665,1.89,1,4.76
38b39ac9eef8b3fa4908af35b90fcf0e,ADVANCED,0.6825,1.85,1,4.96
92c71b39e1eb17fe1af9b43107d8cedb,ADVANCED,0.8643,1.71,0.96,4.88
3a9bcfb21e23a6340abe6b408a6599a9,ADVANCED,0.8244,1.59,1,4.95
13b5d4cd9ac936ad29bcc7e9e06f4971,REVIEW,0.8667,3.67,1,4.95
fbef0f26f0a5bdc5dc7fd16aefc20f26,REVIEW,0.8809,1.6,0.72,4.92
984c0f6a8faeb88446d575447ac5b8b3,ADVANCED,0.8993,1.19,1,4.6
8529714d59885b22ce8294cc50987517,ADVANCED,0.8152,1.68,1,4.96
cfa71e5210923457bd686122ff4187a8,ADVANCED,0.8856,1.22,1,4.8
d91cf7fe560314c39f99ea00537fbc07,ADVANCED,0.9091,1.41,1,4.5
ec45127a11c6cfc175bef4209480509f,INTERMEDIATE,0.828,1.79,1,4.88
77522fd95013c6bc04a63dc4118b5866,ADVANCED,0.9145,1.84,0.96,4.68
19490e74c169541b48ce50330477b772,ADVANCED,0.9093,1.6,1,4.84
bf98cb60055c5a205a1b56ba6ba2347e,ADVANCED,0.9496,1.65,1,4.68
a268968fa80b17a1b66691174cebb9fa,ADVANCED,0.8808,1.45,1,4.76
2a4a7e5d9baf76925e0b6b7a43bb3cf0,ADVANCED,0.8949,1.9,0.92,4.76
a2a63b0932f46a689bb4e4085af60b9a,INTERMEDIATE,0.8297,2.36,1,4.96
96c13ec63c22f5265c47dc07543fc6b2,INTERMEDIATE,0.8819,1.87,0.92,4.56
f16f5345d050feb02c69d7f66b7ddf58,ADVANCED,0.8913,1.89,0.96,4.64
2657c1bf0e32383ac9304b0adf8a6ebf,INTERMEDIATE,0.8735,2.4,1,5
d58ea438812dca521399254994ce422b,ADVANCED,0.8416,1.26,0.96,4.81
c29e4863d6d0200331970ca140fa3a15,ADVANCED,0.8442,1.23,1,4.84
7bce9604bb438fe1b9e5a89fa576ac31,ADVANCED,0.878,1.54,1,4.84
b5624482103dc023dfe432d9020defee,REVIEW,,2.37,1,
f70d7e1746421ca16df04a309e2a6ad5,INTERMEDIATE,0.8858,2.03,1,4.92
e0322b49c16e71de1fe1837d98f23468,ADVANCED,0.8851,1.58,1,5
2d40415e3c7386b4515252e0c0f63c33,ADVANCED,0.9124,1.6,1,4.92
fa685607a6b08125079bd272167da560,ADVANCED,0.8321,1.51,1,4.68
13cfc673544db86cb60152fea299df0c,ADVANCED,0.8846,1.71,1,4.84
8ee3ff896e3e35401ce180a415104764,REVIEW,0.8266,1.6,0.56,4.6
1e16979ba8cc7b7aa0eca1160bee7ead,ADVANCED,0.8699,1.59,0.96,4.72
519aaffff004578d440bf1cbbf4a2d7a,ADVANCED,0.8899,1.66,1,4.84
f8ca3419d5fdcfe5c0cbeffd78fcde81,INTERMEDIATE,0.8497,3,1,4.92
ed9da0707faa0a157bc2ed49227b60fa,ADVANCED,0.8443,1.76,1,4.96
a75a2eac81cbcfe7e84fac3ece0e3818,ADVANCED,0.8346,1.63,1,4.92
bb43a5b476d3e63953a6ec84dff3b091,ADVANCED,0.8966,1.67,0.88,4.92
92509eab6ea6fa48831f12bc4e3df675,ADVANCED,0.8834,1.61,0.88,4.76
80e725f239856f0d0a544358944aba18,ADVANCED,0.8584,1.76,1,4.92
c7fbbbb84c7edb8d10c0238d790d3416,ADVANCED,0.8459,1.45,0.96,4.8
2f3b920b4dbe8079ff2ab3265a846a89,REVIEW,0.9137,1.75,0.8,4.52
9fb7e5d81fd51387736b51c529ae0acb,ADVANCED,0.8673,1.45,1,4.76
677df5948d64f76e6ae090c9fc9392f7,INTERMEDIATE,0.856,2.11,0.96,4.64
41dea20d806aa704d6c18b883fd23cbe,ADVANCED,0.8364,1.54,1,4.72
3a394ccee87e056e7fa36692ff2c26ce,INTERMEDIATE,0.8542,1.23,1,4.96
5b1603952617fdddd216f6f5de617fd5,ADVANCED,0.8801,1.91,0.92,4.76
df90835738fc6293203cd51e4d872228,ADVANCED,0.8829,1.77,1,4.72
f7335b32b248c09d6c145731306aa8f5,ADVANCED,0.8639,1.6,1,4.92
c242bb4d542f5134d4f2a36bc3a9beee,ADVANCED,0.8599,1.5,1,4.84
47e079a2408b680d81ff7637e376ff66,ADVANCED,0.8728,1.89,1,4.92
77f61a3fd9c36eda6014bd99373938cf,REVIEW,0.8306,2.57,0.8,4.8
8d27597f7d8b3714e679d4682b1e5e52,ADVANCED,0.8528,1.48,1,4.92
d47a2cf9754cc29068c066d6954e0c85,ADVANCED,0.8506,1.56,1,4.96
86cd7c1f84b6b4d58812ac890cd3a3bc,ADVANCED,0.8503,1.44,1,4.96
7ce06be1acf0630fca74e3808962d5c4,INTERMEDIATE,0.9028,2.13,1,4.88
99377c7bb5adc7616090c032e51429e8,ADVANCED,0.9081,1.55,0.96,4.48
fe01b411d1f76e85272f90e6793da293,REVIEW,0.8239,2.32,0.84,4.8
ece076b426c6c5c11edfe242a144acf6,INTERMEDIATE,0.8529,2.08,0.96,4.9
a8696a66afb86e23c5603cd5d114621b,ADVANCED,0.8897,2,0.88,4.64
73a741a6d5ac2ca4d477ef7c6ddfe5d5,INTERMEDIATE,0.8462,1.88,0.92,4.72
eb949e7aa102b8440e0f3046e0438b89,ADVANCED,0.8764,1.61,1,4.8
a083ea904c55052cdb58917ed790ca96,ADVANCED,0.8556,1.5,0.96,4.72
cec8203a5fda5883e5be21695d546686,INTERMEDIATE,0.8211,3,0.96,4.83
d4ca4c1221e0f629d42a10fe75793707,ADVANCED,0.8894,1.38,0.92,4.76
a44538624fde9a8b98d16c5ff3a0f27f,ADVANCED,0.8577,1.26,1,4.88
b526d3180f2e9919096f8af0b7fb5891,REVIEW,,2.37,1,
ecd36736ac0d53722707afcb946e0dc2,ADVANCED,0.8981,1.67,0.88,4.96
da11d1e38df6e0fd9cebc75ddfc0584e,ADVANCED,0.8531,1.52,1,4.68
e3d8de7c7a4fbc520d8e0dded4be4570,INTERMEDIATE,0.8116,2.15,1,4.92
7865eb74ce69ef983b162c79423fc527,INTERMEDIATE,0.8703,2.29,1,4.91
3fe2a11dfa57ea1758d0c72ec71b4639,ADVANCED,0.8217,1.7,1,4.76
22d1884f71a7cd382d9972186548c687,BEGINNER,,2.37,,
4e71a2d9e1fd48db544e743ed0dc34f5,INTERMEDIATE,0.8531,2.33,0.88,4.91
79fe6cd114d1d6a74bcb8ce7bd43322d,ADVANCED,0.9529,1.47,0.92,4.76
1f541fbbae5a141f7c9320b7a0dde0a3,INTERMEDIATE,0.8593,2.36,0.96,4.88
a08a93b46c3971ea1acc5001345faae2,ADVANCED,0.8454,1.46,0.92,4.8
6fb06eb64c19332e2aba72e9553afaad,REVIEW,0.7222,2.1,1,4.9
9a47df5898d4769f1eb1e97965b851e1,ADVANCED,0.8584,1.69,1,4.9
1469ec61e6ecbc286d517aa9dbd6d9ac,ADVANCED,0.8692,1.64,0.92,4.92
f7553c337558afdb66e5d2f36a5dc5fb,ADVANCED,0.8687,1.42,0.96,4.8
f74714e3ec244f9fb793e18bda6587a4,ADVANCED,0.8639,1.46,0.96,4.8
e4937dcce8209c4cd77357a584a42001,INTERMEDIATE,0.8361,2.75,0.96,4.82
e0c82900e879174f1b5b09b72e28f5af,INTERMEDIATE,0.8377,2.11,0.96,4.52
a38023e0533d8721f0e4bfa5ac7c1886,REVIEW,,2.37,0.7368,5
54e62745cdd0b63ececabfdb5fd881d1,INTERMEDIATE,0.8521,2.5,1,4.6
173b76a6ed9e24576c794c7dc60a44ca,REVIEW,0.8323,2.66,0.96,4.83
c5720f689a6483141780f184dcf3fe65,ADVANCED,0.8543,1.57,0.92,4.68
07fc4d2dee21cbc21dab71a322d6db08,ADVANCED,0.878,1.4,0.96,4.48
b81156689d1f8dc28b3b55703c39331f,ADVANCED,0.8333,1.86,0.96,4.84
c21c1d406ab8362afdbc6c7cd67a8d41,REVIEW,0.8596,1.71,0.84,4.92
8b59adedc5c1ea8defcc5e970fae8322,ADVANCED,0.8471,1.5,1,4.64
c6648eb55f96cad067933d8681689ffa,ADVANCED,0.8665,1.75,0.96,4.84
5843ad69be3bed76ca8a2c931e455d9f,ADVANCED,0.8255,1.89,1,4.84
4f113718e4c94140dff968f7dfd8456b,ADVANCED,0.8817,1.56,0.96,4.56
e3dc65dd330265af648643e4c397afef,INTERMEDIATE,0.8508,2.04,0.96,4.79
1c6f5b0234f2673792188dc441196554,ADVANCED,0.8769,1.71,0.96,4.92
76e07562a9ada703b7ee6e86c11a0e0e,INTERMEDIATE,0.839,1.8,0.96,4.68
f5465ccb285f9f835f8feed64c141cee,ADVANCED,0.8514,1.49,1,4.92
577fce49188ac6ec9bef9414ceea09c9,REVIEW,0.8834,2,0.92,4.88
38c0612e098e8b219ccff214f1bbf9f6,BEGINNER,,2.37,1,5
18c6907cd960a2eb76cf4097748aa2fd,ADVANCED,0.8771,1.67,1,4.72
d3dc068324f61feb1d7cf5385dd96937,ADVANCED,0.8621,1.44,1,4.8
783409a662831b240bb69b4249123013,ADVANCED,0.8299,1.16,1,4.8
193bd77fabe9c6adea23d5470e0ef947,ADVANCED,0.8368,1.72,1,4.88
07482ba3e0de8761a5f7d9571405cbc6,INTERMEDIATE,0.8805,2.27,1,4.64
6e8909d78dd2d06f29118fbcf05a8287,INTERMEDIATE,0.8333,2.19,0.96,4.92
c4c722114a82fa21654e57e9636d68b0,ADVANCED,0.8516,1.14,1,4.76
211aa83bc274da8edebf3507053df16a,ADVANCED,0.9048,1.63,1,4.96
ec271822ad4a3ac5f4c4ede65a895a3c,INTERMEDIATE,0.7879,2.1,1,3.2
15bc714361f3d4c09fcf779e36437d1a,ADVANCED,0.8184,1.44,1,4.9
fcdf89d67adaeec14947fed659d1e2c8,ADVANCED,0.8606,1.57,1,4.64
6640f52d99f2605671ecd0a4d27009eb,REVIEW,0.8291,3.22,1,4.6
c426d3355825fd5dea3ed99cda77f843,ADVANCED,0.8704,1.39,1,4.74
f1bb0acbaae1c611ccece0daa2df59e1,ADVANCED,0.9286,1.36,1,4.38
597cef99a9f67f031af1e820a9538a89,ADVANCED,0.8372,1.8,1,4.72
2a37311793a8334d91582d481f1b118b,ADVANCED,0.8513,1.44,1,4.48
2d0643725579c29e135281f94837e8c0,ADVANCED,0.9062,1.89,0.96,4.68
550e363b22250076cd8a73bda16862ca,INTERMEDIATE,0.8878,2.83,0.96,4.72
b75b25b42689dc67288a48fa6eeb9fb0,ADVANCED,0.8479,1.7,0.96,4.88
ee76ed529e7d41a510fadd02f076d502,ADVANCED,0.8589,1.29,1,4.64
82c45a6301bc04dca743b3103398138d,ADVANCED,0.8383,1.91,0.96,4.96
f5c21c29ec70bd97ba0d81e594708bcc,INTERMEDIATE,0.8205,1.2,1,4.72
c9e8aa7a43e69eba9afa6479665c1193,ADVANCED,0.8606,1.48,0.96,4.8
a54ff0bf78523a8cc01883394ed4d5d7,ADVANCED,0.8446,1.38,0.96,4.96
dc385ec3b4e12743ab679042c53502dc,ADVANCED,0.8801,1.85,0.96,4.8
b59226b7137a4d46eef766a3f9a7f7d8,INTERMEDIATE,0.7849,2.05,1,4.91
5f4ee5c730a149bcb9bde14380f1fbd2,ADVANCED,0.8857,1.6,0.92,4.76
1d8892c24bc95346a2600cc825144d50,ADVANCED,0.8706,1.58,1,4.76
f6024e3df6622c84092a93f955c67b68,ADVANCED,0.9076,1.61,0.96,4.46
b49507b801459bae949fe8231067e1f6,REVIEW,0.8841,2.6,0.84,5
9dc31046bd1d13b3b6aeec5a400df7b4,ADVANCED,0.8486,1.83,0.9583,5
c07c3ffd35a5b081f189ad5849284a28,ADVANCED,0.9106,1.82,1,4.75
bbaa695295137480ee7e51bc4773d909,ADVANCED,0.8687,2,0.96,4.8
cad79b2fc36293261e62479ba492188c,INTERMEDIATE,0.854,1.76,1,4.76
5107a402b3dcec1cfe85f7564bee07d8,REVIEW,,2.37,1,
1f943bd4b56bea6b5aeb419b9f3c71c2,INTERMEDIATE,0.8829,2.38,0.96,4.82
88785b06105d5f29bf04dd7e79355bc1,INTERMEDIATE,0.8459,2.26,1,5
3cb3522e4052450a242012182f396888,INTERMEDIATE,0.8261,2.77,0.96,5
61f4bc87e6e34117f47db6e258c5da3f,ADVANCED,0.8231,1.58,1,4.84
fc2f679a0856504a198218e607e8e38d,ADVANCED,0.8447,1.1,1,4.76
e2d2834ccaab8f3de1b5a45e1bebe3aa,ADVANCED,0.8497,1.82,1,4.92
b86d3e2f86206cdfeeeb2c0b8b278c3f,ADVANCED,0.8302,1.77,0.96,4.96
a42ec460c238d9bdfcaf930a0385c8e2,INTERMEDIATE,0.8367,2.09,1,
9c7cb44453afa960532ba7b9b5fa0799,ADVANCED,0.8914,1.7,1,4.92
915b367614312b7ad6b5a7db7b351824,ADVANCED,0.8926,1.47,1,4.92
86ccabc7509195f0d2747b97fdcbd21d,ADVANCED,0.9008,1.75,0.9474,4.8
e2a36cca0ef6a2114d234687f0552552,INTERMEDIATE,0.8606,2.05,1,4.5
01b2876d3be915da0a5ccd6ab3ab20b6,ADVANCED,0.8787,1.64,1,4.44
7a3c420e38f8d6dc06fa782ba5701b1e,ADVANCED,0.8525,2,0.92,4.88
66663e41d96f3019a42d881f61a91367,ADVANCED,0.948,1.67,1,4.84
f6dfd8ff8ab98295888ed398f2c3be13,REVIEW,0.8771,1.92,1,4.85
5dcaa563909ba9913cf1d84f942c110c,INTERMEDIATE,0.9024,2.38,0.92,4.88
aaa1867b65610defd1bebbd60a5cfeab,REVIEW,0.812,3.73,1,4.56
226b1679cf19125a3021504d841ae007,REVIEW,0.7631,2.7,1,4.68
c97e74ef684618e3e1e37ffaeeb402c2,INTERMEDIATE,0.8472,1.93,1,4.76
991adcac1715865b8682ae486b901fa6,ADVANCED,0.9053,1.48,0.96,4.68
27069f16d528f74d2aeca55d0909cc7a,ADVANCED,0.8571,1.9,0.96,4.8
78c43892421a1787d2504bdf7a1cef3a,INTERMEDIATE,0.8423,2.42,1,5
c59c79054324fb8a2f0fa247df979de5,ADVANCED,0.8574,1.1,1,4.84
297f2c6148200ae817da3579816e02ce,INTERMEDIATE,0.8712,2.13,1,4.8
93e4c069e618d35cf7268a85620e38ad,ADVANCED,0.8776,1.87,1,4.72
b44f9d40dc79a545ee404a0675984b03,ADVANCED,0.8397,1.74,0.96,4.91
e97a34a48ef108912791c653612e6085,REVIEW,0.8395,3.29,0.96,4.84
d508e581ef137d531e243586655bcce8,ADVANCED,0.8411,1.81,1,4.84
758c1b37f84848ffe09061d17a595971,ADVANCED,0.8815,1.38,1,4.76
8f34565bf526b4427a94b2a588ea2893,INTERMEDIATE,0.9238,2.47,0.96,4.84
00d9c3f2654d6ce62dccadad614fbe77,ADVANCED,0.8243,1.82,0.92,4.92
faac3cbb015c4e5a32cbbc6a6508d921,ADVANCED,0.8582,1.48,0.96,4.6
06a71e8ab0c6db5ce22a4689fd76a3f4,ADVANCED,0.8625,1.89,1,4.92
97b7bf3925a3c2f1d78e023ba229e9d6,ADVANCED,0.8831,1.79,1,4.92
761130047bcbcb026ffe8a207fe647e9,INTERMEDIATE,0.8219,2.66,1,4.75
a72a76b586fb7de05d34c4a05f698d1c,REVIEW,0.8584,3.44,0.9524,4.86
0cd52f6abf8c32509f257b68abcd17f7,ADVANCED,0.8796,1.25,0.96,4.56
25d72548b0ebbec22c3f5a03c352adeb,REVIEW,0.7566,2.2,0.96,4.62
1ee0c718a2b0406e5d637ccf9cc31121,ADVANCED,0.8544,1.33,1,4.96
9bee01ee54c5fa5f55af0e07b455e1e9,INTERMEDIATE,0.8482,2,1,4.82
f0b36fd4ea6915f91ac3c93124377171,INTERMEDIATE,,2.37,,
10ee8b63766bdb9a2db4bc8f75f7ce50,REVIEW,0.7925,2.88,0.92,4.96
a755981b35c0c80b84606c9dda17054a,ADVANCED,0.877,1.31,1,4.64
d68f45e241bf949fd7aafd671dc134c9,INTERMEDIATE,0.8555,2.36,1,4.87
ef31670f4cc73b5d6a97a6347bd81800,ADVANCED,0.9082,1.43,0.96,4.76
6e25ddd64a4fe3ca0ff18538c33279ef,ADVANCED,0.9008,1.6,1,4.91
75ab2e4ca843d5e5ae571d1dfaa487fc,ADVANCED,0.858,1.33,1,4.68
c8cecb7b30e1a39cb28a5b0e66d099ce,REVIEW,0.8462,2.44,0.84,5
95d238a6948bc34e8809f7a8da9f4109,INTERMEDIATE,0.8496,2.41,0.88,4.76
acb30b9f9b40afcebc2054e08c87220d,REVIEW,0.875,1.78,0.8,4.92
acccc965aaf7168ffc87f37b8d831ae5,INTERMEDIATE,0.8552,1.92,0.96,4.72
190f194de61bea20df08dd7093ff3ec5,ADVANCED,0.8322,1.75,1,4.72
1411fa827b5c0a2b18cb4d5be164e47e,INTERMEDIATE,0.9048,2.76,1,4.81
7af1abad98f6eea302620da487e2202d,ADVANCED,0.8845,1.88,1,4.64
29c7a131083ab05e25a3d9b4d49d8c5e,INTERMEDIATE,0.8297,1.81,1,4.72
c92c867d751513d892c7d3cd5023bd72,ADVANCED,0.8239,1.96,0.9474,4.86
487c3b66ea24bc125178709f50f477fd,ADVANCED,0.8521,0.8,1,4.88
18f215429792310636b68fde491b5d52,ADVANCED,0.8028,1.87,0.96,4.84
a8fe521e95f4e1faa7b682939801da67,INTERMEDIATE,0.8,2.94,0.96,4.6
b3575a15de94133f661866e358e4737a,INTERMEDIATE,0.7982,2.59,0.96,4.79
ebbdef751913e4e8ef0cb52b1e188312,INTERMEDIATE,0.8416,2.58,0.96,4.96
98bbf033c2f07c41366ff57220c89fba,INTERMEDIATE,0.7987,2.63,0.92,5
2d7d5b742f708310b73d5f1285c78c8c,INTERMEDIATE,0.8624,2.3,0.96,4.87
3ce73ea91824a13267bb8aa2e62f3983,ADVANCED,0.8874,1.57,1,4.8
5a079181ebeb14d9b7d9a0baeaddcf94,ADVANCED,0.8726,1.55,0.96,4.84
939431f5f286cec24281d658e7314008,ADVANCED,0.8984,1.57,1,5
5dc217993d35c3054d5ccc4393af7f3b,INTERMEDIATE,0.8775,2.11,0.96,4.79
9e3384c8b66d5ad5b68ba1570d4f16fa,ADVANCED,0.9088,1.69,0.96,4.92
e71e28892bab2bc09fc44f38f4d8725e,ADVANCED,0.8213,1.64,1,4.92
9ec4acda9cf7b6d4e2fc63227d8bd679,REVIEW,,2.37,1,
42bb9f6969cdaf731a0ea3a41252b31b,ADVANCED,0.8355,2,1,4.88
de0458b9b0e20406367663ab0281830a,ADVANCED,0.8885,1.97,1,4.92
16c3d3ac89ba2cc58f9e090faf8dcdc4,ADVANCED,0.8253,1.71,1,4.92
dccebdb590462e31d9b6164583474a26,INTERMEDIATE,0.9036,2.67,1,4.82
4eaf0151a0ee7160f11ebe2fc8d624af,REVIEW,0.8113,4.6,0.92,4.92
d3e80d1c820deed0ae51bc8337dba91c,ADVANCED,0.8539,1.67,1,4.67
1e665bfe0e9553dd533646ba056a4f35,REVIEW,0.8657,1.81,0.84,4.92
31998657df7c505b1a3b81993b8dcf06,INTERMEDIATE,0.8108,2.71,0.96,4.82
9f09094985dde4afa425e670316238ef,INTERMEDIATE,0.8815,2.33,0.92,4.71
e15c7a67d0ea9a54dffb410bc1d8528b,INTERMEDIATE,0.8337,2.03,1,4.96
00f00e19a5f428894f4eae25ba11db97,ADVANCED,0.8797,1.92,1,4.88
d2622d85164252a5975fc41f503830ba,REVIEW,0.863,2,0.72,4.96
ac5d2d9a382ee61d062a7d5361764378,ADVANCED,0.8883,1.82,0.96,4.76
902be832da69020731f97e04e427b643,INTERMEDIATE,0.8143,3,1,4.88
28b9ee70f97a80dde776363a389f23da,REVIEW,0.8409,1.58,0.96,4.96
b19b23ce88b14d37750000ddd8dc979a,INTERMEDIATE,0.9164,2.27,1,4.92
7b6bd1c8a8f85027c6a0e1588130bc36,ADVANCED,0.903,1.5,0.92,4.9
0d7e4e3b6636aec076b986090750f20f,INTERMEDIATE,0.9261,2.2,0.88,4.53
1f54d12552181529b86b7e111acbf033,REVIEW,0.8538,2.38,1,4.72
d8726a3a5b5b87ff7f580fc524d50375,ADVANCED,0.8685,1.47,1,4.5
40119f69eefb9b8f936befb91d99d77b,REVIEW,0.7771,1.81,0.84,4.5
deeec4890c5abd6766cc93f6a8d37269,ADVANCED,0.8921,1.67,1,4.96
d574759c8ae4b9ee0d9dc960ee6e6968,ADVANCED,0.8428,1.43,0.88,4.84
de4f4e7d9369bf880844a410c8ff8ad9,INTERMEDIATE,0.8326,1.78,1,4.92
2a86decbbce9b8335da9a70f4fb8c2d7,ADVANCED,0.8504,2,0.92,4.68
0edf3c904cbaa0f905d1fe7eb8b4dddd,ADVANCED,0.8337,1.89,0.88,4.92
17ac3a5da70f170872d6e87b0c1075e5,ADVANCED,0.8894,1.57,1,4.6
86becb84d022e19f4eb0ce5c63756349,REVIEW,,2.37,1,
d7bca987fb4613eacfcab00448bdfe58,ADVANCED,0.8834,1.94,0.92,4.6
78cda2181a7a98488ddf1878c8146c04,ADVANCED,0.9226,1.55,1,4.88
71fa3291464409c401f1e5ad1fc014f3,INTERMEDIATE,0.8287,2.89,0.92,4.84
6cfd9fae5911f9ea72161e083db37899,REVIEW,,2.37,1,
a2e138674e479c941371afecafe54029,REVIEW,0.8038,3.52,0.96,4.84
b2f4e61ba03047035f0dea62b9ce28d6,REVIEW,0.8559,2,0.92,4.92
da593338fa3dd7226c35ced0709eb0d1,ADVANCED,0.8887,1.55,0.96,4.72
157e823edf66e19674aeb7de26fefdd9,ADVANCED,0.8476,1.43,0.88,4.84
57e615be2ecca52057b402c641dd07f8,ADVANCED,0.9409,1.44,1,4.56
c83d75ebb893dd785709b701a352428d,BEGINNER,,2.37,0.6364,
0bb28bcb2636301239193524dd06f35b,ADVANCED,0.8717,1.68,1,4.84
62dc17102f5429451cf892ad12c4a141,INTERMEDIATE,0.8036,2.4,1,4.92
fc61cb3dbcab6105248875816e269e06,REVIEW,0.8356,2.33,0.92,4.88
15af78ed425392815cb224fec312e997,INTERMEDIATE,0.8561,2.81,0.92,4.85
48ebfdf0b185369fe828ff7c786d0f18,INTERMEDIATE,0.9225,2.32,0.96,4.88
87f0d9b87d0a25a81ced5a63c01484ff,INTERMEDIATE,0.8892,2.78,1,4.95
16e503de7f4610c1d447cecd50291e40,ADVANCED,0.8333,1.86,0.96,4.58
f41b0575eb316b118880758d5ab0e2ba,ADVANCED,0.8762,1.61,0.96,4.76
1ca8ea0a187c0063606ec61ce3a69fd5,ADVANCED,0.8926,1.94,0.96,4.73
91b508d81eb559e384062d1c046594b9,INTERMEDIATE,0.8652,2.43,1,5
536367de0357b4e66b0c12fa3ab1c7a7,INTERMEDIATE,0.9032,2.18,0.96,4.84
dfc0a830dd2e5551928488c7cc316e98,ADVANCED,0.8347,1.67,0.96,4.76
e7092a55afcbc58a7f62aa5dfde18be1,INTERMEDIATE,0.9148,2.24,0.96,4.76
4925dbab193171931f66c95d0793e3f7,REVIEW,0.8122,1.8,0.8,4.6
b13b885849e953c9951f14994b2d7d07,ADVANCED,0.9359,1.74,0.913,4.57
cacf984f9adc27a9abe9c642713e1064,REVIEW,,2.37,,
98a85a554594cb66aa37d572e5d38118,REVIEW,0.7419,2.81,0.8571,5
9999c93e39e4d43f6a54062af1f2376d,ADVANCED,0.8761,1.72,1,4.56
e8487f45dc69a8efdbee2f1dee43d523,ADVANCED,0.8313,1.61,1,4.4
3784d02eaf32a887c60b04ac184e8946,INTERMEDIATE,0.8524,2.77,0.96,5
5c1ddc136ad8626b7099ef33bb45e3df,INTERMEDIATE,0.8539,2.44,1,4.44
98dc10fe949d7d49c565ae44c7e6cf21,ADVANCED,0.8678,1.75,0.96,4.6
09bb5bfe76adbb474dddbdd111a51623,ADVANCED,0.8564,1.56,1,4.68
31ea80f31fc310993e8c40ab0e4dd0b8,INTERMEDIATE,,2.37,0.8333,4.8
9d189249ae2519709fcb1d8456758327,ADVANCED,0.8091,1.86,1,4.8
a24644604ac497fd65da58e918766935,ADVANCED,0.8037,1.8,0.96,4.84
9065395a5cca91661e168bcf20a959f2,INTERMEDIATE,0.9172,2.9,1,4.78
c504cb78f21546f7c68ae648092319a5,ADVANCED,0.7438,1.95,1,4.52
e523940090c15edb815e5e808199e262,ADVANCED,0.8639,1.56,1,4.92
63d3b72c2ebccd721fa0b28fa6fe6448,REVIEW,0.895,2.82,0.8,4.94
ac296a8c30e9735bfb89b094c5d9e53d,INTERMEDIATE,0.8505,2.38,1,4.84
ad9f0f9747b1ae4ecb4e981655b5999f,ADVANCED,0.851,1.58,1,4.92
70d7f76567ce1e8f00e8483529e00d57,ADVANCED,0.8492,1.56,0.96,4.76
745acb22e14f592a73adee5dfda16fdb,REVIEW,0.7687,4.14,0.96,4.89
1524048221512396c2ede0b88e88ee3d,INTERMEDIATE,0.8528,3,1,4.89
e183cf315913053c433bac910f3b3c55,INTERMEDIATE,0.867,2.08,1,4.95
5792b75a2029e377bc06734183b80711,BEGINNER,,2.37,0.8571,
8e7ef1e3b76040f05258fd4577cf7e2b,INTERMEDIATE,0.8571,2.04,1,4.56
7ae0000be28ada0b4649d82e693158cf,INTERMEDIATE,0.7535,2.09,1,5
d0ac6f518df508125974384434ffcf6d,REVIEW,0.8238,3,0.96,4.88
4ee1e9a55dd62fca4b8dafa8303d892c,ADVANCED,0.875,1.61,1,4.88
90024067e2b2e40226ed8892caf8fc82,INTERMEDIATE,0.8886,2.17,1,4.96
755c1ee6d23173214f870b472bd433c1,INTERMEDIATE,0.9055,2.41,1,4.8
1327015040e36f38bc660d5902292e05,INTERMEDIATE,0.8658,2.14,1,4.92
8e45f2e4e004e29cc15f1d06b4267055,INTERMEDIATE,0.8021,2.48,0.96,4.78
b3c4a1079dad6c47b97244fab199c51f,ADVANCED,0.846,1.44,1,5
9d1ef1fd8de0c0d613974d3cf54748ee,REVIEW,,2.37,0.9333,5
e7b54b1609ad597f0c56df92ce22128f,REVIEW,0.8222,2.2,0.2,4.78
0abe2d7e1e106d59c7e86dabc9148a8d,ADVANCED,0.8463,1.71,1,4.48
a8b78079a9069fd904a62db2b5afd2bd,REVIEW,0.7866,2.67,0.96,4.96
bf77a237471749dd93385d890dce61ae,BEGINNER,,2.37,1,
997dff48637ed19dabf402a9b22b527c,INTERMEDIATE,0.8125,2.36,1,4.68
02297f2f55633ffc8bdec4b28da202fb,ADVANCED,0.8674,1.63,0.88,4.44
461fbd1518ebc03b61a2c0074a93ec89,ADVANCED,0.8249,1.96,1,4.72
deaa301375687d8f1c16cbfe52992996,INTERMEDIATE,0.8581,2.52,1,4.68
1b831b30a7c27dd18196cf40832119fe,INTERMEDIATE,0.8313,2.2,0.96,4.88
a29a0ed9337670c03b5e22252f1fdff7,INTERMEDIATE,0.8354,2.2,0.96,4.84
8a1f45dd7cd84015b2e4d91f0bef482e,ADVANCED,0.8982,1.51,1,4.56
e0817aa381bb3f33976acc125f1934cc,INTERMEDIATE,0.8072,1.7,1,4.84
39694075669bf3105c978b33af67a3cb,INTERMEDIATE,0.8172,2.22,0.88,4.68
4e0b6b4922684e2e305cd9652a42a218,ADVANCED,0.8557,1.76,1,4.92
91773252e50270174cd919628a5a8ad3,ADVANCED,0.8408,1.74,0.96,4.96
163278a2f745b3416526066a5fe12f3b,INTERMEDIATE,0.8528,2.33,0.96,4.64
5784b524cdeb52e48f5cbfe23944f5fb,REVIEW,0.8158,3.5,0.96,5
e18453b1001b638bac1ea9e03a67673b,INTERMEDIATE,0.8318,2.38,0.96,4.84
b0fd2a7ebf96702bda854569010f14aa,INTERMEDIATE,0.84,2.4,0.96,4.72
b7e1166967f3ad4aa76d6090cf099f80,ADVANCED,0.8519,1.69,1,4.92
ba00232e0e24d4b93f80305247601995,ADVANCED,0.8936,1.3,1,4.72
3705ae6c8e0dcdcbe77e2d0502dbaa7b,ADVANCED,0.8289,1.5,0.96,4.68
a6a021e0ab28e332ccb084260f43e549,REVIEW,0.8685,1.77,0.76,4.6
14581e29fda726b457bfcb4fac361c86,BEGINNER,,2.37,,
dd1f4dcd916ef4de25f0cceaa749c446,INTERMEDIATE,0.8402,2.12,1,4.8
9c9b00ad839ab3b579404547a5a4102b,REVIEW,0.7469,2,1,4.72
e729d53d2de512188a1fb02521187066,ADVANCED,0.847,1.67,0.96,4.76
334004fe2e2afc4435b27ac4c359610f,INTERMEDIATE,0.8258,2.14,0.96,4.52
9bac4a32aea47fb56d006e878769a315,ADVANCED,0.9013,1.43,1,4.88
b9470234705d6091d5131757d7f52f3f,INTERMEDIATE,0.7722,2.9,1,4.71
78845b4651eb832f76a1c0c6a69e8b32,REVIEW,0.8861,2.38,0.84,4.56
8830bb40d377b0d7243e54586c27b84b,REVIEW,0.8471,4.64,1,5
724803a6bb98cd52ba7a76f26f09e4ac,ADVANCED,0.9154,1.64,1,4.8
1249521180eae594880cd56f9fb3d206,REVIEW,0.8135,2.14,0.76,4.92
13be92657ca7c462679c83ce850df465,ADVANCED,0.8678,1.67,1,4.6
a3b9653562d06490262ace344b25e393,INTERMEDIATE,0.8726,2.83,0.96,4.76
b47dcd00fd6ac928ae824d71349ecc81,REVIEW,0.7615,3.8,0.88,4.82
7fe1e6a28ab815b1c5f15c1da014be0b,INTERMEDIATE,0.8394,2.67,0.88,4.64
997f9867f6bd91ba5a25467f22a3fc59,INTERMEDIATE,0.7714,3.14,0.88,4.89
73531d50d2df2c4c13f97d3ca5a68b5f,INTERMEDIATE,0.8626,2.07,1,4.6
af2dc805d0c29f75f7e4ce160554ddcf,INTERMEDIATE,0.8323,2.54,0.92,4.91
32b527c9701783f401da21a8c50e796f,INTERMEDIATE,0.8378,3,0.88,4.8
396d9358368b68f3ca8d5460c7b3e8d8,REVIEW,0.8273,2,0.92,4.72
8e9f03ee9455dac286fdf2c47c717418,INTERMEDIATE,0.8646,2.4,1,4.56
b79f648c5a8f417245f13cd7683fc556,INTERMEDIATE,0.7685,2.69,1,4.72
4e01c43684a6c6d8f0956829e08d538c,BEGINNER,0.8226,4.05,0.9474,4.89
20eb3d27d981e123b23e1fb0586817d4,INTERMEDIATE,0.8243,4.14,0.96,4.5
20cbf770b1af1bdbad0b548eaa81a9e0,INTERMEDIATE,0.8037,4.11,0.9565,4.88
702a17c5e6840a18ed89c664e749655e,INTERMEDIATE,0.8031,2.39,1,5
456c36972f68db330bedd5902f87b769,INTERMEDIATE,0.8947,2.41,1,4.46
b24224b7caf0f25346563118dfecbe18,INTERMEDIATE,0.83,2.97,1,4.95
d9de96d0325f83c02d918dce4f00dec3,INTERMEDIATE,0.8462,2,0.88,4.68
ba66598c6e9a42c7c9c99008360e0056,REVIEW,0.7438,1.71,0.92,4.84
0bc1bb6e71ecd050da7f2975c22d9185,INTERMEDIATE,0.8379,2.23,0.92,4.88
3f284b6202708d178b959164e95d5cbd,REVIEW,0.827,2.13,1,4.92
1a7568793b0f86b1764d3f4a6598d539,INTERMEDIATE,0.8857,2.31,1,4.8
835232b838ffee453261f417ec8c9f0b,BEGINNER,0.9388,3.71,0.9333,
d1f0bd4b237c1358f09db22076b940e7,INTERMEDIATE,0.8571,2.06,0.92,4.92
d82eb3dd3b1031d4312401c8dbb78628,REVIEW,0.8235,3.5,1,4.44
594df0d4567c6819c0d254dd9778a289,INTERMEDIATE,0.8316,2.13,1,4.72
c1e8c694702c2d4878e39e9ef2912060,ADVANCED,0.8329,1.47,0.92,4.92
1cf23547307b9390c6cd5ea0f34ffcff,ADVANCED,0.8889,1.99,1,4.6
c2a768d80d30dc8423dd288ba575054e,INTERMEDIATE,0.8136,3.56,0.92,4.78
fb10ca3e5fc531274078b06e18953ba0,BEGINNER,0.8172,3.82,0.5,
5d7fb62c183cae4cf5f7214c653b5bee,BEGINNER,,2.37,0.6667,
cdf4b3429c1e448e82f5d7e07b4fcc21,ADVANCED,0.8625,1.6,1,4.64
d339580fa5d4ce97bda7a3f3b37c3209,INTERMEDIATE,0.8947,3.33,0.88,5
561fadd29c32036a3a85713a2abacfff,INTERMEDIATE,0.8217,2.2,1,4.6
df79027f83fccc2ec2bfa80005ee120d,ADVANCED,0.8781,2,0.92,4.68
b03c40b3bd635299fe0f005479f25d36,INTERMEDIATE,0.8429,2.52,1,4.92
a68a0a47f5ef188e1794ef4e2205e8ee,INTERMEDIATE,0.8759,2.12,1,4.72
853c5009635719f38c963cc0c334bcf1,INTERMEDIATE,0.8499,2.56,0.96,5
f6186d00ce79347f47770bff13e38681,INTERMEDIATE,0.8594,2.11,1,4.76
7702df947c64d71c5968dd82e1fc0978,ADVANCED,0.8627,1.9,1,4.82
4ccae637c521d5bae47cc41b907413f7,ADVANCED,0.8249,1.92,1,4.8
1a1fac2f1a54d889e5c9634b73ca456b,BEGINNER,,2.37,0.9333,5
763e3a6a418788475a7dd673e837e2aa,INTERMEDIATE,0.8808,2.33,1,4.96
2ee4b0f712eb47b820319ebf9de64970,INTERMEDIATE,0.8435,2.33,0.96,4.84
77c08b6c7c4b89b84e3a84ee6bb4ecde,INTERMEDIATE,0.7975,2.43,1,4.92
a303e8fe542f22fde93aaa31b33476b0,INTERMEDIATE,0.8538,2.3,0.96,5
23567689266462372addb45bbdc830f6,INTERMEDIATE,0.9153,2.35,0.9524,4.8
2ed810de27bd41494a9ad542aa319b14,INTERMEDIATE,0.8385,1.73,0.88,4.84
72c940a6cedd686d4a16f3528fe14957,REVIEW,0.8469,3.24,0.68,4.64
25979740c6a2594622143de676805207,REVIEW,0.8477,4.42,0.96,4.88
f3d587110c4ca4365b56db37b29a4b41,INTERMEDIATE,0.8407,2.38,0.96,5
8f3ccfeac84e9d80be7539cb1012c934,INTERMEDIATE,0.8206,2.57,1,4.88
0d1433abfde2ea02fde412f02819fac7,INTERMEDIATE,0.8837,3.6,0.72,4.56
056c7cc586dece322e35970ee60234da,INTERMEDIATE,0.8272,2.07,1,4.88
479cc97de77da4d627326a46ce9158f0,INTERMEDIATE,0.8333,2.81,1,5
59b3b868effe39e7bcd4a8111dc15579,ADVANCED,0.8571,1.24,1,4.76
051867bcbd49c073f89f443f9ab70321,REVIEW,0.8684,4.18,0.96,4.95
7ff3aa21189a1cc947a2b89014b453ba,INTERMEDIATE,0.9015,2.5,1,4.8
01a7a0a94b31371f51d428ad97adc807,REVIEW,0.8429,2.56,0.88,4.65
b83f92882f10652d405111834ffbc4c9,INTERMEDIATE,0.8462,2.57,0.913,4.71
251a2233bc24f7b0602be878d0525418,BEGINNER,,2.37,1,5
5d879d5bf24d4611b2d87d15803ccea5,INTERMEDIATE,0.9295,2.56,1,4.84
b69731f6aa23f3c78f1013e1f844b574,ADVANCED,0.8256,2,0.88,4.83
d31e8a5ff5d9bb45be0a6fd7ae1e84dc,INTERMEDIATE,0.8601,2.27,0.96,4.88
51418ba41825aa95be69734b7329f488,INTERMEDIATE,0.8972,4,0.9167,4.9
fe7942861b1933ec95be667458ec73c0,REVIEW,0.8352,3.44,0.8,4.72
b27b76905526d7bd02d3a3bea7551e11,ADVANCED,0.8595,2,1,4.92
a18897e69730eaed74be4310356dfb3d,REVIEW,0.8671,2.68,0.8,4.76
180cb1acbaf62bf5e8ead639c700d225,INTERMEDIATE,0.8427,3.03,0.9524,4
c4fe1f8bdc6c40dcc71cad4e13f2a469,ADVANCED,0.8542,1.96,0.92,4.82
5c823c712c8d2036cd50b11ba53f992c,REVIEW,0.8065,3.05,1,4.9
89be1e4bc82f0bd5e515f1a066f32ca3,INTERMEDIATE,0.7984,2.06,0.96,4.96
181e7b9ba45cbf823f6d7b9a3dfe4707,BEGINNER,,2.37,0.9231,
78853a00af8f147a1f444f7ecf97b002,INTERMEDIATE,0.8431,2.44,0.96,4.86
c847183a8de12a1e8fbb36ba35647641,BEGINNER,,2.37,0.9412,4.6
e336946fe497ba50ebeb706222472572,INTERMEDIATE,0.8118,2.37,0.96,4.96
6cdfc1b59d755c102dd55202308524ab,INTERMEDIATE,0.8715,3,1,4.84
ce5c3d6c47bfe5861726e63dace09090,REVIEW,0.8584,3.13,1,4.84
38a6062a80e33f01f35fbb8bcc3a23c7,ADVANCED,0.7806,2,1,4.88
06a66217b8c9b5897c052c7090bb5922,BEGINNER,,2.37,0.625,
e48fee04d20693dd3a5c8dd3a1635278,INTERMEDIATE,0.8939,2.38,0.88,4.86
76a1917a1b76597b21e819da7c31d449,INTERMEDIATE,0.875,3,0.96,4.86
126531aaa0c5f2edd7854be5e3efd15f,INTERMEDIATE,0.8,2.65,0.88,5
9ab262245e8c2d8b1711e518aa15782e,INTERMEDIATE,0.8049,2.6,0.92,4.94
4950af11a74ebd333ee0b76a1207addc,REVIEW,0.8649,2.6,0.96,4.4
ed900bc7c33fca598abeb6cfa5cd0320,REVIEW,0.821,2.83,0.84,4.78
119aaf31a57ada6efdc2fe38d5325731,INTERMEDIATE,0.8832,2.08,0.96,4.88
0b33c377d8985b31d19e981866acbfbe,INTERMEDIATE,0.8306,2.67,1,4.84
7e77ff3fec7b04e5d4559f0327387115,INTERMEDIATE,0.8394,2.07,0.96,5
e2bf653698c7eb2667806e7628cac9d0,REVIEW,0.8261,2.05,1,4.92
9d68b5f2bb4043b0967baf3fb90d17f1,REVIEW,0.9161,2.17,0.8,4.76
254ba4cfc2e86625326e11de345c74ad,INTERMEDIATE,0.8625,3.17,0.9524,4.78
a76936066020cca7e7f59927701ff8f3,ADVANCED,0.859,1.44,1,4.82
ce76c301dfdbdc398ce88b95b78f8021,INTERMEDIATE,0.7586,2.57,0.96,4.91
adce91d54bcb7230a3a5c066e0cf8aeb,INTERMEDIATE,0.8302,2.5,1,5
649984b82d3dd1a1083a72de6b4b348c,INTERMEDIATE,0.8767,2.77,1,4.78
32cd6961b27865114a1e35e4515fef90,INTERMEDIATE,0.8333,2,1,4.84
698d028de36efa562f7885b49e52482d,REVIEW,0.8333,3.15,0.92,4.62
61c4a28b44477ddfe6c20275ad7f8db9,INTERMEDIATE,0.7956,2.51,0.92,4.56
f081175cc84e732491eece23c31f50c3,INTERMEDIATE,0.8567,2.23,0.92,4.88
1452af436d5f09d058810324f8a43548,REVIEW,0.6509,4.66,1,4.76
c9d7d6c3eacc8aa461a81887aace0650,REVIEW,0.8386,2.52,0.8,4.71
60e9a167e78357c745a8b657c507695e,INTERMEDIATE,0.8533,3.6,0.9565,5
b27b7bd3d19a57c761b7e733bfe59629,REVIEW,0.8103,3.21,0.92,4.62
b5b830b04bfce987f0e4f5a1bc3287c6,INTERMEDIATE,0.8265,3.33,0.68,
35deb2375f79baaf8ff65b7d6be7349a,INTERMEDIATE,0.7674,2.22,1,4.82
e03a8ac9002bc10cfaa4d3e38df2e68e,INTERMEDIATE,0.7751,2.3,0.96,4.44
923800f5826fd6267bfa2d07e1340b69,BEGINNER,,2.37,1,
80b9f30a4d27d6c820fb635c018bfab9,REVIEW,0.7773,2.83,1,4.74
45b289debc619c2b9a51ad3f8f35e739,REVIEW,0.8445,2.56,0.84,4.47
f8987b33bbbe7e5bd79a64ed55019acc,REVIEW,0.7616,3.14,0.96,4.91
e9704582c322f9be46e7c28ab6497570,INTERMEDIATE,0.8156,3,1,4.92
50cf03ea2f04490b957f367c71280a8e,INTERMEDIATE,0.881,2.4,1,4.71
13d0acb89288668ddf7a1291263570a5,INTERMEDIATE,0.8455,2,1,4.88
332561af7a19822f06358b5dd9e8514b,ADVANCED,0.8831,1.69,0.96,4.69
4380362c0eb5d6a43ea7875165c77396,REVIEW,0.7758,2.8,0.76,4.84
976dab4af89ac6584b335192e1cb4ad1,BEGINNER,,2.37,,
1a3c9dae6151e088107bde5b6061e161,BEGINNER,,2.37,1,
0d557bbc59dde5750511ae866c6c6c28,INTERMEDIATE,0.8722,2.82,1,4.88
b49ed2d763e39e6834e0f5f35c754132,INTERMEDIATE,0.8954,2.47,1,4.8
20fc8dd1e0fd6c375ff482c854c706c9,INTERMEDIATE,0.7672,2.03,0.88,4.83
a2bad793361a70fa7aad80e9f49a85ae,REVIEW,0.7571,4.4,0.96,5
2d4fa51f91575a937f56965db29536a2,INTERMEDIATE,0.9,2.5,1,4.73
ff450da091a3209fbbcd4ed2bd44e355,INTERMEDIATE,0.8713,2.72,1,4.82
16200ed9e7fc8930db035fcc6822350c,INTERMEDIATE,0.8571,2.64,1,4.75
63e5353cd542e92db8c4423ad994175d,INTERMEDIATE,0.8718,2.22,1,4.75
a21da7a9cdc7cf2e2575a57904f51c37,ADVANCED,0.8233,1.98,0.96,4.65
9c8d7fe21f290fe47a3f1f580779ffc7,REVIEW,0.7602,2.67,0.96,4.87
ac7e381fe9009a65716ffc9c3dec94e8,INTERMEDIATE,0.8398,2.23,0.96,4.84
8868573a1a04f42c57ad47b0f405f174,INTERMEDIATE,0.8255,1.76,0.96,4.67
f92b63427b71a539d368d266d121e06e,BEGINNER,,2.37,,
5b75697cdf5055f8d6217d239a778e40,INTERMEDIATE,0.8548,3.5,0.92,4.57
5d34a67c7b97a2a47a9f39bbcd1f739d,BEGINNER,,2.37,0.9231,
9b45acd077d5d5207dcdfde616c91504,REVIEW,0.7846,3.31,1,4.9
bd592dc17f15be000073df3e5e6f4ecf,BEGINNER,,2.37,0.6667,
276d3cdcc9e20bfa12f970663620f589,INTERMEDIATE,0.8696,2.75,0.88,4.91
72b94fc9e99d9f7a5538109d7201a20a,BEGINNER,0.8085,2.73,0.9,4.83
fc296bddb2c1fcfde9e46c7fac504eb6,BEGINNER,,2.37,1,
5406f7d7cba570aaf22ed66a040ff5f8,REVIEW,0.7843,3.27,1,4.92
373270676f2acc6db945fe583e4a4c1b,INTERMEDIATE,0.8325,2.63,1,4.85
4d85ad3d45f3b8b924a7165f94091b07,INTERMEDIATE,0.8452,2.71,0.96,5
4e1436609dd7f2bed8579f5541f93197,BEGINNER,,2.37,1,5
f2c927be4dc67182b6cbfd2dee13faa1,INTERMEDIATE,0.8495,2,1,4.67
f8ca10d61e3415c6ecbd1e6f5d85595f,INTERMEDIATE,0.7683,2.53,0.92,5
a3ed15596a3834e27839b2372bf2563b,INTERMEDIATE,0.7959,2.88,1,4.81
d20eea7e9dd852cb69a8b138f6a2a51b,BEGINNER,,2.37,1,
5b0930a6192e8905da0909bd04832ad6,INTERMEDIATE,0.8088,2.63,1,4.71
f1143072dc8e79de2bc10e50976dd28c,REVIEW,0.7821,2.2,0.96,4.79
616d342008d8504847c2dff0557247fd,BEGINNER,0.8692,3.04,0.9474,5
82080cdaa0f2c39ddb417658870e3abb,ADVANCED,0.8525,1.78,0.96,5
62ba7408a2fb6c16767387a70997460c,INTERMEDIATE,0.8117,2.2,1,4.92
bc77188198935f806990ad9358b4cb2e,INTERMEDIATE,0.8537,2.33,1,4.43
8995fa2bcfa06cec8c1b408c8339ff84,INTERMEDIATE,0.8634,2.12,0.88,4.71
6958d29ad78fcf460f2dd7a56930c329,INTERMEDIATE,0.8148,3.29,1,5
62a0263a5576f40d4b51234f93bc6a58,INTERMEDIATE,0.8578,2.24,1,4.6
d367b0d35c2cfa8603998550c87385d6,INTERMEDIATE,0.884,3,0.92,4.64
534c73867bf7d5e7e1b8fb9216f975ff,INTERMEDIATE,0.8061,2.86,1,4.78
00ba08d7b7d7cc11f6fd464b6e128e5b,INTERMEDIATE,0.8586,1.57,1,4.67
2949e2129b318af57dc58181812d9fa0,REVIEW,0.7656,3.55,0.84,4.83
63a92e1fe8e0e401f82cf3d84a6d28df,BEGINNER,0.8056,1.9,0.9231,5
a7cb86fd0cccb8d563035279933e359a,REVIEW,0.9146,3.1,0.92,4.67
da425a7b6b50475c0051b8eecd8fd8eb,INTERMEDIATE,0.8505,1.97,0.96,4.35
63c4be15b355dc742ab1cfb0eb409a30,BEGINNER,,2.37,0.875,
ba44bcf987cc8a14605ac68fabb5407e,REVIEW,0.8929,3.22,0.96,4.5
0e1e02528d087aefd6c93017d3114565,ADVANCED,0.8791,1.94,0.96,5
ff33b458218eae5cb41f000e68a1e1a3,REVIEW,0.8519,3.14,0.96,5
d64625c9d6523aa5596291ff3d929bea,INTERMEDIATE,0.8153,2.48,1,
